"","Taxa","Longitude","Latitude","value"
"1","Globorotalia_cavernula",-1.333333333,76.81666667,0
"2","Globorotalia_cavernula",61.38333333,18.93333333,0
"3","Globorotalia_cavernula",-87.355,-5.623,0
"4","Globorotalia_cavernula",-96.33,-6.262,0
"5","Globorotalia_cavernula",-90.52,-2.392,0
"6","Globorotalia_cavernula",169.87,-53.63,0
"7","Globorotalia_cavernula",167.83,-51.72,0
"8","Globorotalia_cavernula",171.39,-50.6,0
"9","Globorotalia_cavernula",168.93,-49.78,0
"10","Globorotalia_cavernula",166.73,-52.42,0
"11","Globorotalia_cavernula",169.99,-53.92,0
"12","Globorotalia_cavernula",164.43,-54.04,0
"13","Globorotalia_cavernula",165.41,-52.94,0
"14","Globorotalia_cavernula",167.13,-51.93,0
"15","Globorotalia_cavernula",170.06,-61.08,0
"16","Globorotalia_cavernula",170.81,-48.67,0
"17","Globorotalia_cavernula",174.98,-48.95,0
"18","Globorotalia_cavernula",171.52,-51.7,0
"19","Globorotalia_cavernula",173.42,-44.53,0
"20","Globorotalia_cavernula",174.08,-47.04,0
"21","Globorotalia_cavernula",72.78333333,-5.383333333,0
"22","Globorotalia_cavernula",160.45,-13.25,0
"23","Globorotalia_cavernula",154.5833333,-8.066666667,0
"24","Globorotalia_cavernula",50.52,14.45,0
"25","Globorotalia_cavernula",94.15,11.77,0
"26","Globorotalia_cavernula",93.13,14.52,0
"27","Globorotalia_cavernula",76.72,7.05,0
"28","Globorotalia_cavernula",60.68333333,19.21666667,0
"29","Globorotalia_cavernula",59.56666667,20.7,0
"30","Globorotalia_cavernula",178,-40.4,0
"31","Globorotalia_cavernula",172.03,-46,0
"32","Globorotalia_cavernula",175.06,-45.96,0
"33","Globorotalia_cavernula",177.99,-45.99,0
"34","Globorotalia_cavernula",177.06,-45.03,0
"35","Globorotalia_cavernula",-177.99,-49.67,0
"36","Globorotalia_cavernula",65.46666667,-55.33333333,0
"37","Globorotalia_cavernula",-105.2333333,-29.36666667,0
"38","Globorotalia_cavernula",112.75,-19.06666667,0
"39","Globorotalia_cavernula",-114.6166667,-5.983333333,0
"40","Globorotalia_cavernula",163.5166667,-24.88333333,0
"41","Globorotalia_cavernula",-89.41666667,-3.116666667,0
"42","Globorotalia_cavernula",11.2,-22.33333333,0
"43","Globorotalia_cavernula",13.43333333,-50.71666667,0
"44","Globorotalia_cavernula",66.1,15.03333333,0
"45","Globorotalia_cavernula",70.25,12.85,0
"46","Globorotalia_cavernula",72.8,7.283333333,0
"47","Globorotalia_cavernula",76.2,5.883333333,0
"48","Globorotalia_cavernula",-81.499,-20.878,0
"49","Globorotalia_cavernula",145.24,-46.45,0
"50","Globorotalia_cavernula",146.28,-45.15,0
"51","Globorotalia_cavernula",149.05,-44.53,0
"52","Globorotalia_cavernula",180,-40.03,0
"53","Globorotalia_cavernula",179.5,-45.08,0
"54","Globorotalia_cavernula",179.5,-45.08,0
"55","Globorotalia_cavernula",179.5,-44.5,0
"56","Globorotalia_cavernula",-104.7333333,-6.316666667,0
"57","Globorotalia_cavernula",-12.81,-10.06,0
"58","Globorotalia_cavernula",-14.61,-7.75,0
"59","Globorotalia_cavernula",161.9666667,-3.583333333,0
"60","Globorotalia_cavernula",163.2666667,-0.916666667,0
"61","Globorotalia_cavernula",77.58333333,5.116666667,0
"62","Globorotalia_cavernula",178.97,-42.85,0
"63","Globorotalia_cavernula",119.75,18.27,0
"64","Globorotalia_cavernula",115.78,20.333,0
"65","Globorotalia_cavernula",115.96,20.1,0
"66","Globorotalia_cavernula",117.38,20.117,0
"67","Globorotalia_cavernula",118.48,21.515,0
"68","Globorotalia_cavernula",113.2,19.33,0
"69","Globorotalia_cavernula",113.55,18.95,0
"70","Globorotalia_cavernula",113.64,18.658,0
"71","Globorotalia_cavernula",113.78,18.127,0
"72","Globorotalia_cavernula",114.9,16.708,0
"73","Globorotalia_cavernula",115.17,17.348,0
"74","Globorotalia_cavernula",112.9,16.093,0
"75","Globorotalia_cavernula",113.41,16.288,0
"76","Globorotalia_cavernula",111.53,14.758,0
"77","Globorotalia_cavernula",115.31,10.898,0
"78","Globorotalia_cavernula",115.08,11.622,0
"79","Globorotalia_cavernula",115.29,11.138,0
"80","Globorotalia_cavernula",115.56,10.12,0
"81","Globorotalia_cavernula",112.08,7.182,0
"82","Globorotalia_cavernula",112.67,6.167,0
"83","Globorotalia_cavernula",112.21,6.158,0
"84","Globorotalia_cavernula",112.55,6.157,0
"85","Globorotalia_cavernula",119.35,12.833,0
"86","Globorotalia_cavernula",118.5,11.2,0
"87","Globorotalia_cavernula",117.967,10.333,0
"88","Globorotalia_cavernula",116.95,8.75,0
"89","Globorotalia_cavernula",-96.33,-6.16,0
"90","Globorotalia_cavernula",-90.52,-2.24,0
"91","Globorotalia_cavernula",-87.21,-3.37,0
"92","Globorotalia_cavernula",-113.53,-7.47,0
"93","Globorotalia_cavernula",-101.55,-7.38,0
"94","Globorotalia_cavernula",-117.585,31.265,0
"95","Globorotalia_cavernula",-117.364,32.073,0
"96","Globorotalia_cavernula",-118.125,32.476,0
"97","Globorotalia_cavernula",-118.803,33.633,0
"98","Globorotalia_cavernula",-118.8,32.801,0
"99","Globorotalia_cavernula",-119.958,32.859,0
"100","Globorotalia_cavernula",-118.23,30.28,0
"101","Globorotalia_cavernula",-118.02,28.47,0
"102","Globorotalia_cavernula",-114.02,4.03,0
"103","Globorotalia_cavernula",129.77,27.93,0
"104","Globorotalia_cavernula",109.833,9.933,0
"105","Globorotalia_cavernula",115.617,8.233,0
"106","Globorotalia_cavernula",115.133,9.183,0
"107","Globorotalia_cavernula",114.017,9.333,0
"108","Globorotalia_cavernula",113.733,9.483,0
"109","Globorotalia_cavernula",154.583,-8.067,0
"110","Globorotalia_cavernula",-95.292,15.71,0
"111","Globorotalia_cavernula",-86.449,5.8465,0
"112","Globorotalia_cavernula",-86.486,3.2123,0
"113","Globorotalia_cavernula",-85.005,4.1198,0
"114","Globorotalia_cavernula",-84.113,7.3167,0
"115","Globorotalia_cavernula",-86.145,0.598,0
"116","Globorotalia_cavernula",127.33,28.01,0
"117","Globorotalia_cavernula",-102.77,-3.42,0
"118","Globorotalia_cavernula",111.383,11.917,0
"119","Globorotalia_cavernula",119.5,20.5,0
"120","Globorotalia_cavernula",115.5,18.5,0
"121","Globorotalia_cavernula",160.667,34.783,0
"122","Globorotalia_cavernula",130.933,28.65,0
"123","Globorotalia_cavernula",-86.85,-1.42,0
"124","Globorotalia_cavernula",-85.17,1.27,0
"125","Globorotalia_cavernula",-82.15,0.82,0
"126","Globorotalia_cavernula",-91.25,1.82,0
"127","Globorotalia_cavernula",-101.72,3.33,0
"128","Globorotalia_cavernula",-85.82,-1.52,0
"129","Globorotalia_cavernula",-93.95,14.83,0
"130","Globorotalia_cavernula",-115,21.02,0
"131","Globorotalia_cavernula",-95.65,0.1,0
"132","Globorotalia_cavernula",-107,10.05,0
"133","Globorotalia_cavernula",-94.47,4.98,0
"134","Globorotalia_cavernula",-94.13,1.82,0
"135","Globorotalia_cavernula",-87.75,-2.87,0
"136","Globorotalia_cavernula",-85.98,-2.42,0
"137","Globorotalia_cavernula",-132.62,27.88,0
"138","Globorotalia_cavernula",-115.53,4.73,0
"139","Globorotalia_cavernula",-103.15,5.53,0
"140","Globorotalia_cavernula",125.22,25.15,0
"141","Globorotalia_cavernula",123.97,24.75,0
"142","Globorotalia_cavernula",126.28,24.03,0
"143","Globorotalia_cavernula",126.18,24.12,0
"144","Globorotalia_cavernula",125.78,24.43,0
"145","Globorotalia_cavernula",127.65,25.17,0
"146","Globorotalia_cavernula",127.58,25.25,0
"147","Globorotalia_cavernula",129.45,27.03,0
"148","Globorotalia_cavernula",124.45,23.82,0
"149","Globorotalia_cavernula",124.42,24.02,0
"150","Globorotalia_cavernula",131.85,30.92,0
"151","Globorotalia_cavernula",131.47,30.1,0
"152","Globorotalia_cavernula",129,31.92,0
"153","Globorotalia_cavernula",128.67,26.15,0
"154","Globorotalia_cavernula",124.5,23.92,0
"155","Globorotalia_cavernula",-76.538,-46.317,0
"156","Globorotalia_cavernula",-76.955,-50.657,0
"157","Globorotalia_cavernula",-74.319,-41.297,0
"158","Globorotalia_cavernula",-73.533,-33.277,0
"159","Globorotalia_cavernula",-73.652,-32.591,0
"160","Globorotalia_cavernula",-73.345,-23.606,0
"161","Globorotalia_cavernula",-81.436,-21.359,0
"162","Globorotalia_cavernula",-81.499,-20.878,0
"163","Globorotalia_cavernula",-79.04,-18.085,0
"164","Globorotalia_cavernula",-78.109,-17.035,0
"165","Globorotalia_cavernula",-76.6,-46.883,0
"166","Globorotalia_cavernula",-76.667,-46.35,0
"167","Globorotalia_cavernula",-116.82,29.87,0
"168","Globorotalia_cavernula",-86.32,-0.42,0
"169","Globorotalia_cavernula",110.5,8.5,0
"170","Globorotalia_cavernula",110.5,12.5,0
"171","Globorotalia_cavernula",109.5,7.5,0
"172","Globorotalia_cavernula",126.2,27.9,0
"173","Globorotalia_cavernula",158.8,0.433,0
"174","Globorotalia_cavernula",142.383,1.883,0
"175","Globorotalia_cavernula",144.85,14.517,0
"176","Globorotalia_cavernula",148.433,15.983,0
"177","Globorotalia_cavernula",135.75,25.5,0
"178","Globorotalia_cavernula",135.333,25.9,0
"179","Globorotalia_cavernula",132.567,27.95,0
"180","Globorotalia_cavernula",130.833,29.65,0
"181","Globorotalia_cavernula",140.15,27.117,0
"182","Globorotalia_cavernula",139.967,28.433,0
"183","Globorotalia_cavernula",139.867,30.833,0
"184","Globorotalia_cavernula",140.433,31.983,0
"185","Globorotalia_cavernula",128.9,29.317,0
"186","Globorotalia_cavernula",134.133,28.533,0
"187","Globorotalia_cavernula",126.117,27.467,0
"188","Globorotalia_cavernula",122.883,25.517,0
"189","Globorotalia_cavernula",177.9,35.317,0
"190","Globorotalia_cavernula",177.567,35.483,0
"191","Globorotalia_cavernula",171.9,35.283,0
"192","Globorotalia_cavernula",151.1,31.567,0
"193","Globorotalia_cavernula",-88.62,12.58,0
"194","Globorotalia_cavernula",-85.1,4.25,0
"195","Globorotalia_cavernula",-126.2,-2.85,0
"196","Globorotalia_cavernula",-118.47,3.17,0
"197","Globorotalia_cavernula",-85.27,5.7,0
"198","Globorotalia_cavernula",-82.08,6.1,0
"199","Globorotalia_cavernula",-81.7,2.47,0
"200","Globorotalia_cavernula",-82.07,-3.33,0
"201","Globorotalia_cavernula",-84.28,6.95,0
"202","Globorotalia_cavernula",-87.28,1.08,0
"203","Globorotalia_cavernula",-89.35,0.95,0
"204","Globorotalia_cavernula",-90.47,-1.83,0
"205","Globorotalia_cavernula",-93.37,-5.37,0
"206","Globorotalia_cavernula",-104.73,-6.32,0
"207","Globorotalia_cavernula",-90.32,2.73,0
"208","Globorotalia_cavernula",-85.13,2.83,0
"209","Globorotalia_cavernula",-80.63,3.83,0
"210","Globorotalia_cavernula",-85.43,6.9,0
"211","Globorotalia_cavernula",-87.3,5.3,0
"212","Globorotalia_cavernula",-88.45,3.68,0
"213","Globorotalia_cavernula",-86.27,3.03,0
"214","Globorotalia_cavernula",-100.18,7.3,0
"215","Globorotalia_cavernula",-102.67,9.5,0
"216","Globorotalia_cavernula",-119.7,13.5,0
"217","Globorotalia_cavernula",-136.2,2.53,0
"218","Globorotalia_cavernula",-110.48,0.04,0
"219","Globorotalia_cavernula",-110.577,2.755,0
"220","Globorotalia_cavernula",-110.573,1.022,0
"221","Globorotalia_cavernula",-90.823,-3.092,0
"222","Globorotalia_cavernula",-89.862,1.485,0
"223","Globorotalia_cavernula",-89.727,2.605,0
"224","Globorotalia_cavernula",-110.498,-3.002,0
"225","Globorotalia_cavernula",-86.48,0.1,0
"226","Globorotalia_cavernula",-86.55,2.98,0
"227","Globorotalia_cavernula",-91.67,-1.98,0
"228","Globorotalia_cavernula",-81.056,0.12,0
"229","Globorotalia_cavernula",-105,-13.68,0
"230","Globorotalia_cavernula",-89.693,3.475,0
"231","Globorotalia_cavernula",-106.94,-6.38,0
"232","Globorotalia_cavernula",-94.15,-3.78,0
"233","Globorotalia_cavernula",-85.418,-1.138,0
"234","Globorotalia_cavernula",-85.112,-1.065,0
"235","Globorotalia_cavernula",-85.362,6.39,0
"236","Globorotalia_cavernula",-113.35,-31.15,0
"237","Globorotalia_cavernula",14.23,38.231,0
"238","Globorotalia_cavernula",13.269,38.215,0
"239","Globorotalia_cavernula",3.88,42.38,0
"240","Globorotalia_cavernula",4.16,42.23,0
"241","Globorotalia_cavernula",12.28,36.68,0
"242","Globorotalia_cavernula",4.83,42.85,0
"243","Globorotalia_cavernula",3.31,42.45,0
"244","Globorotalia_cavernula",13.34,39.41,0
"245","Globorotalia_cavernula",4.65,42.78,0
"246","Globorotalia_cavernula",4.95,42.4,0
"247","Globorotalia_cavernula",5.1,42.93,0
"248","Globorotalia_cavernula",5.06,42.98,0
"249","Globorotalia_cavernula",4.8,42.77,0
"250","Globorotalia_cavernula",4.82,42.83,0
"251","Globorotalia_cavernula",-4.66,35.55,0
"252","Globorotalia_cavernula",-4.4,35.98,0
"253","Globorotalia_cavernula",14.3,38.49,0
"254","Globorotalia_cavernula",13.21,40.33,0
"255","Globorotalia_cavernula",11.49,36.47,0
"256","Globorotalia_cavernula",17.18,38.06,0
"257","Globorotalia_cavernula",17.59,41.31,0
"258","Globorotalia_cavernula",-3.889,36.45,0
"259","Globorotalia_cavernula",-3.28,36.15,0
"260","Globorotalia_cavernula",-2.12,36.11,0
"261","Globorotalia_cavernula",-1.23,36.2,0
"262","Globorotalia_cavernula",26.58,35.66,0
"263","Globorotalia_cavernula",33.45,32.14,0
"264","Globorotalia_cavernula",34.21,32.04,0
"265","Globorotalia_cavernula",34.23,32.47,0
"266","Globorotalia_cavernula",32.38,33.02,0
"267","Globorotalia_cavernula",32.35,32.41,0
"268","Globorotalia_cavernula",17.971,41.505,0
"269","Globorotalia_cavernula",-2.621,36.143,0
"270","Globorotalia_cavernula",-1.573,36.19,0
"271","Globorotalia_cavernula",3.48,42.48,0
"272","Globorotalia_cavernula",18.03,38.2,0
"273","Globorotalia_cavernula",0.5,37.58,0
"274","Globorotalia_cavernula",29.29,32.17,0
"275","Globorotalia_cavernula",23.09,33.24,0
"276","Globorotalia_cavernula",2.64,36.74,0
"277","Globorotalia_cavernula",2.55,36.98,0
"278","Globorotalia_cavernula",19.94,39.16,0
"279","Globorotalia_cavernula",-2.67,35.49,0
"280","Globorotalia_cavernula",-2.89,35.82,0
"281","Globorotalia_cavernula",19.92,38.57,0
"282","Globorotalia_cavernula",13.03,35.85,0
"283","Globorotalia_cavernula",10.59,38.93,0
"284","Globorotalia_cavernula",9.28,39.03,0
"285","Globorotalia_cavernula",34.5967,27.6867,0
"286","Globorotalia_cavernula",34.6823,27.7135,0
"287","Globorotalia_cavernula",34.9693,27.8782,0
"288","Globorotalia_cavernula",34.736,27.5757,0
"289","Globorotalia_cavernula",34.6873,27.5277,0
"290","Globorotalia_cavernula",34.7987,27.5807,0
"291","Globorotalia_cavernula",34.8642,27.6115,0
"292","Globorotalia_cavernula",35.0473,27.7117,0
"293","Globorotalia_cavernula",35.4053,27.0533,0
"294","Globorotalia_cavernula",35.0445,26.755,0
"295","Globorotalia_cavernula",35.1357,26.7762,0
"296","Globorotalia_cavernula",35.4293,26.8808,0
"297","Globorotalia_cavernula",35.36,26.2917,0
"298","Globorotalia_cavernula",34.8667,25.7483,0
"299","Globorotalia_cavernula",35.085,25.75,0
"300","Globorotalia_cavernula",36.0755,25.85,0
"301","Globorotalia_cavernula",35.6083,25.5217,0
"302","Globorotalia_cavernula",36.1015,25.7843,0
"303","Globorotalia_cavernula",36.23,24.76,0
"304","Globorotalia_cavernula",36.4067,24.7683,0
"305","Globorotalia_cavernula",36.5937,24.7598,0
"306","Globorotalia_cavernula",36.944,24.7315,0
"307","Globorotalia_cavernula",36.7117,23.3117,0
"308","Globorotalia_cavernula",37.3767,22.915,0
"309","Globorotalia_cavernula",37.3767,22.915,0
"310","Globorotalia_cavernula",37.7555,22.2848,0
"311","Globorotalia_cavernula",37.7817,22.2517,0
"312","Globorotalia_cavernula",37.7817,22.2517,0
"313","Globorotalia_cavernula",37.98,21.4283,0
"314","Globorotalia_cavernula",38.1017,21.425,0
"315","Globorotalia_cavernula",38.2327,21.445,0
"316","Globorotalia_cavernula",37.3883,19.6383,0
"317","Globorotalia_cavernula",37.4767,19.6783,0
"318","Globorotalia_cavernula",38.0867,20.0383,0
"319","Globorotalia_cavernula",38.0117,19.9067,0
"320","Globorotalia_cavernula",38.4233,20.105,0
"321","Globorotalia_cavernula",38.6083,19.64,0
"322","Globorotalia_cavernula",38.725,19.6083,0
"323","Globorotalia_cavernula",38.7217,19.4583,0
"324","Globorotalia_cavernula",38.7233,19.4583,0
"325","Globorotalia_cavernula",39.0533,19.135,0
"326","Globorotalia_cavernula",39.115,19.13,0
"327","Globorotalia_cavernula",39.1467,19.095,0
"328","Globorotalia_cavernula",39.1467,19.0917,0
"329","Globorotalia_cavernula",39.0567,18.6017,0
"330","Globorotalia_cavernula",40.0217,17.3617,0
"331","Globorotalia_cavernula",41.68,15.94,0
"332","Globorotalia_cavernula",41.67,15.56,0
"333","Globorotalia_cavernula",42.214,14.998,0
"334","Globorotalia_cavernula",42.4433,14.7167,0
"335","Globorotalia_cavernula",42.4333,14.6422,0
"336","Globorotalia_cavernula",44.165,12.3887,0
"337","Globorotalia_cavernula",44.4667,12.25,0
"338","Globorotalia_cavernula",44.4933,12.4033,0
"339","Globorotalia_cavernula",45.7117,12.4933,0
"340","Globorotalia_cavernula",47.4217,12.865,0
"341","Globorotalia_cavernula",-44.05,5.433,0
"342","Globorotalia_cavernula",70.05,14.76666667,0
"343","Globorotalia_cavernula",-76.483,-43.537,0
"344","Globorotalia_cavernula",-174.8833333,-11.1,0
"345","Globorotalia_cavernula",116.817,8.367,0
"346","Globorotalia_cavernula",-106.18,-0.37,0
"347","Globorotalia_cavernula",114.733,6.8,0
"348","Globorotalia_cavernula",-84.016,8.3803,0
"349","Globorotalia_cavernula",116.3,8.883,0
"350","Globorotalia_cavernula",-76.483,-43.537,0
"351","Globorotalia_cavernula",-82.73,4.6,0
"352","Globorotalia_cavernula",-85.3,7.03,0
"353","Globorotalia_cavernula",-101.55,-7.38,0
"354","Globorotalia_cavernula",-0.05,-46.75,0
"355","Globorotalia_cavernula",-57.65,-43.46666667,0
"356","Globorotalia_cavernula",-24.78333333,-39.81666667,0
"357","Globorotalia_cavernula",1,-34.06666667,0
"358","Globorotalia_cavernula",2.833333333,-32.88333333,0
"359","Globorotalia_cavernula",6.3,-21.43333333,0
"360","Globorotalia_cavernula",13.55,-30.43333333,0
"361","Globorotalia_cavernula",-76.538,-46.317,0
"362","Globorotalia_cavernula",-76.955,-50.657,0
"363","Globorotalia_cavernula",-74.319,-41.297,0
"364","Globorotalia_cavernula",-73.533,-33.277,0
"365","Globorotalia_cavernula",-73.652,-32.591,0
"366","Globorotalia_cavernula",-73.345,-23.606,0
"367","Globorotalia_cavernula",-81.436,-21.359,0
"368","Globorotalia_cavernula",-79.04,-18.085,0
"369","Globorotalia_cavernula",-78.109,-17.035,0
"370","Globorotalia_cavernula",-77.098,-16.127,0
"371","Globorotalia_cavernula",-76.6,-46.883,0
"372","Globorotalia_cavernula",-76.667,-46.35,0
"373","Globorotalia_cavernula",-36.13333333,-2.283333333,0
"374","Globorotalia_cavernula",-42.15,-50.76666667,0
"375","Globorotalia_cavernula",12.58333333,-33.4,0
"376","Globorotalia_cavernula",15,-33.2,0
"377","Globorotalia_cavernula",-52.25,-49.5,0
"378","Globorotalia_cavernula",10.8,-21.83333333,0
"379","Globorotalia_cavernula",-6.633333333,-44.46666667,0
"380","Globorotalia_cavernula",-13.83333333,-33.95,0
"381","Globorotalia_cavernula",-90.823,-3.092,0
"382","Globorotalia_cavernula",-110.498,-3.002,0
"383","Globorotalia_cavernula",-85.418,-1.138,0
"384","Globorotalia_cavernula",-85.112,-1.065,0
"385","Globorotalia_cavernula",112.6833333,-11.88333333,0
"386","Globorotalia_cavernula",-89.75,-59.65,0
"387","Globorotalia_cavernula",-63.06666667,-58.86666667,0
"388","Globorotalia_cavernula",161.4333333,0,0
"389","Globorotalia_cavernula",-171.5333333,-60.2,0
"390","Globorotalia_cavernula",-149.4,-4.433333333,0
"391","Globorotalia_cavernula",129.9666667,-51.08333333,0
"392","Globorotalia_cavernula",123.1,-47.76666667,0
"393","Globorotalia_cavernula",-131.8833333,-1.666666667,0
"394","Globorotalia_cavernula",126.5833333,-9.633333333,0
"395","Globorotalia_cavernula",8.866666667,-21.88333333,0
"396","Globorotalia_cavernula",13.15,-28.08333333,0
"397","Globorotalia_cavernula",-113.53,-7.47,0
"398","Globorotalia_cavernula",59.57,20.7,0
"399","Globorotalia_cavernula",-102.77,-3.42,0
"400","Globorotalia_cavernula",149,-18.5,0
"401","Globorotalia_cavernula",-106.94,-6.38,0
"402","Globorotalia_cavernula",-105,-13.68,0
"403","Globorotalia_cavernula",-94.15,-3.78,0
"404","Globorotalia_cavernula",-113.35,-31.15,0
"405","Globorotalia_cavernula",112.75,-19.067,0
"406","Globorotalia_cavernula",-110.8,-8.8,0
"407","Globorotalia_cavernula",-106.9666667,-11.33333333,0
"408","Globorotalia_cavernula",168.3833333,-3.733333333,0
"409","Globorotalia_cavernula",-89.41666667,-3.116666667,0
"410","Globorotalia_cavernula",-92.88333333,-13.21666667,0
"411","Globorotalia_cavernula",-109.4166667,-4.716666667,0
"412","Globorotalia_cavernula",-112.3666667,-4.333333333,0
"413","Globorotalia_cavernula",161.9666667,-3.583333333,0
"414","Globorotalia_cavernula",-17.067,5.283,0
"415","Globorotalia_cavernula",-12.45,66.6,0
"416","Globorotalia_cavernula",-44.083,6.217,0
"417","Globorotalia_cavernula",-44.083,6.117,0
"418","Globorotalia_cavernula",-43.05,4.917,0
"419","Globorotalia_cavernula",-42.883,4.95,0
"420","Globorotalia_cavernula",-43.033,4.883,0
"421","Globorotalia_cavernula",-75.583,14.267,0
"422","Globorotalia_cavernula",-86.3,23.433,0
"423","Globorotalia_cavernula",-94.383,24.05,0
"424","Globorotalia_cavernula",-75.95,15.067,0
"425","Globorotalia_cavernula",-78.75,14.883,0
"426","Globorotalia_cavernula",-78.15,11.25,0
"427","Globorotalia_cavernula",-18.91666667,12.38333333,0
"428","Globorotalia_cavernula",-80.233,15.033,0
"429","Globorotalia_cavernula",-78.367,13.233,0
"430","Globorotalia_cavernula",-77.233,14.45,0
"431","Globorotalia_cavernula",-90.1,24.383,0
"432","Globorotalia_cavernula",-74.45,16.133,0
"433","Globorotalia_cavernula",-76.233,17.033,0
"434","Globorotalia_cavernula",-81.15,10.983,0
"435","Globorotalia_cavernula",-80.75,11.6,0
"436","Globorotalia_cavernula",-57.65,-43.467,0
"437","Globorotalia_cavernula",-26.03333333,-0.766666667,0
"438","Globorotalia_cavernula",-27.01666667,-1.5,0
"439","Globorotalia_cavernula",53.16666667,10.25,0
"440","Globorotalia_cavernula",51.73333333,8.983333333,0
"441","Globorotalia_cavernula",51.61666667,8.9,0
"442","Globorotalia_cavernula",60.21666667,9.216666667,0
"443","Globorotalia_cavernula",69.43333333,20.15,0
"444","Globorotalia_cavernula",67.91666667,20.11666667,0
"445","Globorotalia_cavernula",59.55,21,0
"446","Globorotalia_cavernula",61.01666667,20.83333333,0
"447","Globorotalia_cavernula",57.18333333,17.43333333,0
"448","Globorotalia_cavernula",54.76666667,16.23333333,0
"449","Globorotalia_cavernula",54.63333333,15.26666667,0
"450","Globorotalia_cavernula",57.35,14.93333333,0
"451","Globorotalia_cavernula",-34.56666667,-29.13333333,0
"452","Globorotalia_cavernula",71.56666667,13.58333333,0
"453","Globorotalia_cavernula",74.18333333,9.9,0
"454","Globorotalia_cavernula",73.4,7.033333333,0
"455","Globorotalia_cavernula",127.85,-9.1,0
"456","Globorotalia_cavernula",133.8333333,-4.883333333,0
"457","Globorotalia_cavernula",130.6166667,-2.633333333,0
"458","Globorotalia_cavernula",112.6833333,-11.88333333,0
"459","Globorotalia_cavernula",59.68333333,-13.68333333,0
"460","Globorotalia_cavernula",41.61666667,-12.98333333,0
"461","Globorotalia_cavernula",41.4,-13.18333333,0
"462","Globorotalia_cavernula",41.55,-16.06666667,0
"463","Globorotalia_cavernula",41.83333333,-11.51666667,0
"464","Globorotalia_cavernula",-11.11666667,-8.283333333,0
"465","Globorotalia_cavernula",87.78333333,11.38333333,0
"466","Globorotalia_cavernula",80.86666667,14.26666667,0
"467","Globorotalia_cavernula",87.31666667,15.3,0
"468","Globorotalia_cavernula",91.23333333,15.21666667,0
"469","Globorotalia_cavernula",91.53333333,19,0
"470","Globorotalia_cavernula",89.31666667,20.33333333,0
"471","Globorotalia_cavernula",86.9,13.48333333,0
"472","Globorotalia_cavernula",89.03333333,6.916666667,0
"473","Globorotalia_cavernula",88.58333333,4.183333333,0
"474","Globorotalia_cavernula",57.36666667,17.7,0
"475","Globorotalia_cavernula",57.38333333,17.56666667,0
"476","Globorotalia_cavernula",57.36666667,13.86666667,0
"477","Globorotalia_cavernula",60.66666667,16.61666667,0
"478","Globorotalia_cavernula",58.33333333,19.15,0
"479","Globorotalia_cavernula",58.98333333,19.7,0
"480","Globorotalia_cavernula",59.6,21,0
"481","Globorotalia_cavernula",60.18333333,20.75,0
"482","Globorotalia_cavernula",60.61666667,20,0
"483","Globorotalia_cavernula",60.75,19.55,0
"484","Globorotalia_cavernula",61.68333333,19.93333333,0
"485","Globorotalia_cavernula",60.83333333,21.71666667,0
"486","Globorotalia_cavernula",60.15,22.68333333,0
"487","Globorotalia_cavernula",59.75,22.68333333,0
"488","Globorotalia_cavernula",59.61666667,22.61666667,0
"489","Globorotalia_cavernula",63.15,22.18333333,0
"490","Globorotalia_cavernula",58.78333333,24.06666667,0
"491","Globorotalia_cavernula",62.06666667,-18.35,0
"492","Globorotalia_cavernula",62.5,-14.03333333,0
"493","Globorotalia_cavernula",62.83333333,-12.26666667,0
"494","Globorotalia_cavernula",61.81666667,-26.93333333,0
"495","Globorotalia_cavernula",71.21666667,-2.45,0
"496","Globorotalia_cavernula",70.23333333,-2.333333333,0
"497","Globorotalia_cavernula",71.21666667,-2.45,0
"498","Globorotalia_cavernula",91.05,2.916666667,0
"499","Globorotalia_cavernula",91.68333333,2.983333333,0
"500","Globorotalia_cavernula",97.88333333,-0.566666667,0
"501","Globorotalia_cavernula",-133.3833333,-9.983333333,0
"502","Globorotalia_cavernula",-143.6666667,-28.56666667,0
"503","Globorotalia_cavernula",-127.3333333,-44.21666667,0
"504","Globorotalia_cavernula",-127.2333333,-44.35,0
"505","Globorotalia_cavernula",-119.8333333,-45.5,0
"506","Globorotalia_cavernula",-102,-42,0
"507","Globorotalia_cavernula",-97.08333333,-42.9,0
"508","Globorotalia_cavernula",-79.5,-34.5,0
"509","Globorotalia_cavernula",-106.5,-28.48333333,0
"510","Globorotalia_cavernula",-115.2,-22.08333333,0
"511","Globorotalia_cavernula",-113.3,-4.033333333,0
"512","Globorotalia_cavernula",-109.7166667,-11.7,0
"513","Globorotalia_cavernula",-110.6833333,-9.883333333,0
"514","Globorotalia_cavernula",-89.75,-59.65,0
"515","Globorotalia_cavernula",-130.1166667,-58,0
"516","Globorotalia_cavernula",-159.9833333,-54.01666667,0
"517","Globorotalia_cavernula",-63.06666667,-58.86666667,0
"518","Globorotalia_cavernula",-136.9666667,-59.96666667,0
"519","Globorotalia_cavernula",157,-2.233333333,0
"520","Globorotalia_cavernula",161.3166667,-3.6,0
"521","Globorotalia_cavernula",160.8,-1.75,0
"522","Globorotalia_cavernula",160.4166667,-0.016666667,0
"523","Globorotalia_cavernula",161,0,0
"524","Globorotalia_cavernula",161.4333333,0,0
"525","Globorotalia_cavernula",161.9833333,0,0
"526","Globorotalia_cavernula",162.7,-0.033333333,0
"527","Globorotalia_cavernula",72.78333333,-5.383333333,0
"528","Globorotalia_cavernula",63.71666667,-5.566666667,0
"529","Globorotalia_cavernula",59.25,-5.433333333,0
"530","Globorotalia_cavernula",58.51666667,-10.35,0
"531","Globorotalia_cavernula",59.68333333,-13.68333333,0
"532","Globorotalia_cavernula",70.96666667,-44.63333333,0
"533","Globorotalia_cavernula",73.6,-35.78333333,0
"534","Globorotalia_cavernula",98.86666667,-32,0
"535","Globorotalia_cavernula",67.88333333,-39.73333333,0
"536","Globorotalia_cavernula",100.3333333,-32.1,0
"537","Globorotalia_cavernula",113.9333333,-32.26666667,0
"538","Globorotalia_cavernula",154.7333333,-15.71666667,0
"539","Globorotalia_cavernula",157.2166667,-12.53333333,0
"540","Globorotalia_cavernula",165.4166667,-5.7,0
"541","Globorotalia_cavernula",168.0333333,-4.516666667,0
"542","Globorotalia_cavernula",170.0333333,-3.383333333,0
"543","Globorotalia_cavernula",73.11666667,9.05,0
"544","Globorotalia_cavernula",71.51666667,16.98333333,0
"545","Globorotalia_cavernula",50.51666667,14.45,0
"546","Globorotalia_cavernula",95.15,8.716666667,0
"547","Globorotalia_cavernula",95.05,10.2,0
"548","Globorotalia_cavernula",93.68333333,11.15,0
"549","Globorotalia_cavernula",95.93333333,13.56666667,0
"550","Globorotalia_cavernula",93.13333333,14.51666667,0
"551","Globorotalia_cavernula",91.01666667,18.36666667,0
"552","Globorotalia_cavernula",90.48333333,17.4,0
"553","Globorotalia_cavernula",92.06666667,12.4,0
"554","Globorotalia_cavernula",76.71666667,7.5,0
"555","Globorotalia_cavernula",71.88333333,13.96666667,0
"556","Globorotalia_cavernula",58.43333333,19.3,0
"557","Globorotalia_cavernula",62.66666667,-17.8,0
"558","Globorotalia_cavernula",178.4833333,-63.06666667,0
"559","Globorotalia_cavernula",-166.9666667,-63.28333333,0
"560","Globorotalia_cavernula",-171.5333333,-60.2,0
"561","Globorotalia_cavernula",-154.75,-24.68333333,0
"562","Globorotalia_cavernula",-150.5833333,-13.88333333,0
"563","Globorotalia_cavernula",-149.4,-4.433333333,0
"564","Globorotalia_cavernula",-148.75,-1.9,0
"565","Globorotalia_cavernula",-148.65,-1.533333333,0
"566","Globorotalia_cavernula",176.6,-14.6,0
"567","Globorotalia_cavernula",172.4833333,-2.066666667,0
"568","Globorotalia_cavernula",171.4,-2.1,0
"569","Globorotalia_cavernula",-165.3833333,-4.066666667,0
"570","Globorotalia_cavernula",-165.3833333,-4.75,0
"571","Globorotalia_cavernula",-85.46666667,-2.766666667,0
"572","Globorotalia_cavernula",-16.51666667,-23.35,0
"573","Globorotalia_cavernula",-15.11666667,-24.06666667,0
"574","Globorotalia_cavernula",-13.26666667,-24.96666667,0
"575","Globorotalia_cavernula",-10.6,-26.23333333,0
"576","Globorotalia_cavernula",42.35,-42.88333333,0
"577","Globorotalia_cavernula",46.2,-43.28333333,0
"578","Globorotalia_cavernula",51.26666667,-43.63333333,0
"579","Globorotalia_cavernula",92.58333333,-44.76666667,0
"580","Globorotalia_cavernula",93.88333333,-44.03333333,0
"581","Globorotalia_cavernula",101.4166667,-41.1,0
"582","Globorotalia_cavernula",104.3666667,-39.38333333,0
"583","Globorotalia_cavernula",125.5666667,-46.53333333,0
"584","Globorotalia_cavernula",127.1166667,-49.33333333,0
"585","Globorotalia_cavernula",129.9666667,-51.08333333,0
"586","Globorotalia_cavernula",135.85,-51.5,0
"587","Globorotalia_cavernula",170.2166667,-31.61666667,0
"588","Globorotalia_cavernula",148.3666667,-45.75,0
"589","Globorotalia_cavernula",123.1,-47.76666667,0
"590","Globorotalia_cavernula",121.1166667,-45.41666667,0
"591","Globorotalia_cavernula",114.1333333,-41.36666667,0
"592","Globorotalia_cavernula",111.3833333,-39.78333333,0
"593","Globorotalia_cavernula",72.8,7.4,0
"594","Globorotalia_cavernula",59.6,19.56666667,0
"595","Globorotalia_cavernula",60.41666667,19.08333333,0
"596","Globorotalia_cavernula",58.08333333,17.88333333,0
"597","Globorotalia_cavernula",156.9833333,-2.65,0
"598","Globorotalia_cavernula",156.3,-1.133333333,0
"599","Globorotalia_cavernula",155.2333333,-0.8,0
"600","Globorotalia_cavernula",153.9833333,-0.333333333,0
"601","Globorotalia_cavernula",-40.6,-2.066666667,0
"602","Globorotalia_cavernula",-36.95,-1.166666667,0
"603","Globorotalia_cavernula",-35.21666667,-2.766666667,0
"604","Globorotalia_cavernula",-35.96666667,-17.25,0
"605","Globorotalia_cavernula",-32.68333333,-20.15,0
"606","Globorotalia_cavernula",-35.1,-34.7,0
"607","Globorotalia_cavernula",-35.53333333,-31.98333333,0
"608","Globorotalia_cavernula",-9.866666667,-50.86666667,0
"609","Globorotalia_cavernula",-4.6,-49,0
"610","Globorotalia_cavernula",5.95,-43.48333333,0
"611","Globorotalia_cavernula",12.58333333,-39.26666667,0
"612","Globorotalia_cavernula",18.45,-35.78333333,0
"613","Globorotalia_cavernula",61.03333333,-46.51666667,0
"614","Globorotalia_cavernula",57.35,-43.03333333,0
"615","Globorotalia_cavernula",54.21666667,-34.33333333,0
"616","Globorotalia_cavernula",57.63333333,-22.4,0
"617","Globorotalia_cavernula",67.58333333,-34.91666667,0
"618","Globorotalia_cavernula",69.55,-36.48333333,0
"619","Globorotalia_cavernula",71.53333333,-37.8,0
"620","Globorotalia_cavernula",79.86666667,-43.51666667,0
"621","Globorotalia_cavernula",82.25,-39.71666667,0
"622","Globorotalia_cavernula",83.48333333,-38.03333333,0
"623","Globorotalia_cavernula",86.65,-37.98333333,0
"624","Globorotalia_cavernula",90.21666667,-36.1,0
"625","Globorotalia_cavernula",91.93333333,-33.63333333,0
"626","Globorotalia_cavernula",95.96666667,-28.06666667,0
"627","Globorotalia_cavernula",112.7666667,-33.78333333,0
"628","Globorotalia_cavernula",114.1166667,-31.56666667,0
"629","Globorotalia_cavernula",119,-6.016666667,0
"630","Globorotalia_cavernula",-66.93333333,-56.83333333,0
"631","Globorotalia_cavernula",-54.13333333,-50.41666667,0
"632","Globorotalia_cavernula",-28.86666667,-37.86666667,0
"633","Globorotalia_cavernula",-17.8,-42.58333333,0
"634","Globorotalia_cavernula",-13.15,-36.88333333,0
"635","Globorotalia_cavernula",-10.08333333,-37.25,0
"636","Globorotalia_cavernula",-6.716666667,-36.15,0
"637","Globorotalia_cavernula",-4.75,-34.95,0
"638","Globorotalia_cavernula",11.53333333,-30.46666667,0
"639","Globorotalia_cavernula",29.18333333,-33.21666667,0
"640","Globorotalia_cavernula",41.56666667,-10.35,0
"641","Globorotalia_cavernula",69.86666667,2.5,0
"642","Globorotalia_cavernula",76.16666667,0.8,0
"643","Globorotalia_cavernula",90.01666667,12.7,0
"644","Globorotalia_cavernula",89.58333333,13.05,0
"645","Globorotalia_cavernula",88.63333333,15.05,0
"646","Globorotalia_cavernula",90.56666667,15.16666667,0
"647","Globorotalia_cavernula",96.06666667,12.76666667,0
"648","Globorotalia_cavernula",-8.216666667,-8.183333333,0
"649","Globorotalia_cavernula",-10.6,-9.133333333,0
"650","Globorotalia_cavernula",11.3,-25.48333333,0
"651","Globorotalia_cavernula",-3.583333333,-37.53333333,0
"652","Globorotalia_cavernula",7.616666667,-46.6,0
"653","Globorotalia_cavernula",90.01666667,-2.383333333,0
"654","Globorotalia_cavernula",89.95,-0.833333333,0
"655","Globorotalia_cavernula",90,-0.466666667,0
"656","Globorotalia_cavernula",90.16666667,1.466666667,0
"657","Globorotalia_cavernula",90.51666667,5.85,0
"658","Globorotalia_cavernula",119.45,-15.2,0
"659","Globorotalia_cavernula",124.6833333,-10.41666667,0
"660","Globorotalia_cavernula",125.0166667,-8.45,0
"661","Globorotalia_cavernula",124.1166667,-6.866666667,0
"662","Globorotalia_cavernula",126.15,-0.95,0
"663","Globorotalia_cavernula",-15.56666667,-49.91666667,0
"664","Globorotalia_cavernula",-13.21666667,-46.08333333,0
"665","Globorotalia_cavernula",-20.85,-42.96666667,0
"666","Globorotalia_cavernula",-47.55,-49.6,0
"667","Globorotalia_cavernula",-49.03333333,-33.56666667,0
"668","Globorotalia_cavernula",-45.46666667,-29.2,0
"669","Globorotalia_cavernula",-40.58333333,-25.68333333,0
"670","Globorotalia_cavernula",36.01666667,-32.11666667,0
"671","Globorotalia_cavernula",43.93333333,-29.28333333,0
"672","Globorotalia_cavernula",54.1,-31.85,0
"673","Globorotalia_cavernula",57.41666667,-31.08333333,0
"674","Globorotalia_cavernula",58.68333333,-28.8,0
"675","Globorotalia_cavernula",61.33333333,-29.08333333,0
"676","Globorotalia_cavernula",70.51666667,-24.28333333,0
"677","Globorotalia_cavernula",69.68333333,-23.68333333,0
"678","Globorotalia_cavernula",66.11666667,-16.35,0
"679","Globorotalia_cavernula",56.63333333,-13.15,0
"680","Globorotalia_cavernula",57.71666667,-10.5,0
"681","Globorotalia_cavernula",66.1,15.03333333,0
"682","Globorotalia_cavernula",84.56666667,0.866666667,0
"683","Globorotalia_cavernula",85.33333333,7.433333333,0
"684","Globorotalia_cavernula",93.53333333,6.5,0
"685","Globorotalia_cavernula",96.26666667,6.4,0
"686","Globorotalia_cavernula",57.86666667,17.68333333,0
"687","Globorotalia_cavernula",57.73333333,17.63333333,0
"688","Globorotalia_cavernula",57.73333333,17.65,0
"689","Globorotalia_cavernula",57.63333333,17.71666667,0
"690","Globorotalia_cavernula",57.61666667,17.71666667,0
"691","Globorotalia_cavernula",57.61666667,17.78333333,0
"692","Globorotalia_cavernula",57.66666667,17.76666667,0
"693","Globorotalia_cavernula",57.58333333,17.9,0
"694","Globorotalia_cavernula",57.61666667,18.06666667,0
"695","Globorotalia_cavernula",57.68333333,18.25,0
"696","Globorotalia_cavernula",57.21666667,18.25,0
"697","Globorotalia_cavernula",57.65,18.28333333,0
"698","Globorotalia_cavernula",57.53333333,18.11666667,0
"699","Globorotalia_cavernula",57.55,18.06666667,0
"700","Globorotalia_cavernula",57.81666667,17.71666667,0
"701","Globorotalia_cavernula",57.65,17.61666667,0
"702","Globorotalia_cavernula",57.6,17.91666667,0
"703","Globorotalia_cavernula",57.58333333,17.9,0
"704","Globorotalia_cavernula",57.68333333,18.21666667,0
"705","Globorotalia_cavernula",57.68333333,18.21666667,0
"706","Globorotalia_cavernula",57.65,18.23333333,0
"707","Globorotalia_cavernula",57.55,18.31666667,0
"708","Globorotalia_cavernula",59.86666667,16.61666667,0
"709","Globorotalia_cavernula",59.86666667,16.61666667,0
"710","Globorotalia_cavernula",59.78333333,16.53333333,0
"711","Globorotalia_cavernula",59.76666667,16.53333333,0
"712","Globorotalia_cavernula",59.76666667,16.53333333,0
"713","Globorotalia_cavernula",59.68333333,16.6,0
"714","Globorotalia_cavernula",59.71666667,16.65,0
"715","Globorotalia_cavernula",59.68333333,16.63333333,0
"716","Globorotalia_cavernula",59.66666667,16.65,0
"717","Globorotalia_cavernula",59.66666667,16.66666667,0
"718","Globorotalia_cavernula",59.6,16.7,0
"719","Globorotalia_cavernula",59.6,16.68333333,0
"720","Globorotalia_cavernula",59.45,16.53333333,0
"721","Globorotalia_cavernula",59.45,16.53333333,0
"722","Globorotalia_cavernula",59.35,16.48333333,0
"723","Globorotalia_cavernula",59.35,16.48333333,0
"724","Globorotalia_cavernula",59.3,16.35,0
"725","Globorotalia_cavernula",59.18333333,16.36666667,0
"726","Globorotalia_cavernula",59.85,16.61666667,0
"727","Globorotalia_cavernula",59.85,16.66666667,0
"728","Globorotalia_cavernula",60.68333333,16.16666667,0
"729","Globorotalia_cavernula",-131.8833333,-1.666666667,0
"730","Globorotalia_cavernula",-96.7,-13.6,0
"731","Globorotalia_cavernula",-97.8,-13.53333333,0
"732","Globorotalia_cavernula",-107.9833333,-12.8,0
"733","Globorotalia_cavernula",-111.2,-12.55,0
"734","Globorotalia_cavernula",-112.6166667,-12.5,0
"735","Globorotalia_cavernula",-122.4666667,-14.01666667,0
"736","Globorotalia_cavernula",-128.4833333,-14.03333333,0
"737","Globorotalia_cavernula",-139.5833333,-14.05,0
"738","Globorotalia_cavernula",-142.45,-15.25,0
"739","Globorotalia_cavernula",-145.1166667,-16.5,0
"740","Globorotalia_cavernula",-147.45,-15.66666667,0
"741","Globorotalia_cavernula",-130.4833333,-2.683333333,0
"742","Globorotalia_cavernula",-99.46666667,-3.5,0
"743","Globorotalia_cavernula",-86.31666667,-0.416666667,0
"744","Globorotalia_cavernula",-114.0666667,-5.016666667,0
"745","Globorotalia_cavernula",-166.5833333,-8.016666667,0
"746","Globorotalia_cavernula",-133.7333333,-1.783333333,0
"747","Globorotalia_cavernula",-137.0666667,-2.516666667,0
"748","Globorotalia_cavernula",-138.85,-0.15,0
"749","Globorotalia_cavernula",59.6,17.21666667,0
"750","Globorotalia_cavernula",65.08333333,10.03333333,0
"751","Globorotalia_cavernula",59.95,17.2,0
"752","Globorotalia_cavernula",57.83333333,17.7,0
"753","Globorotalia_cavernula",57.5,17.81666667,0
"754","Globorotalia_cavernula",57.7,17.66666667,0
"755","Globorotalia_cavernula",57.58333333,17.75,0
"756","Globorotalia_cavernula",57.48333333,17.75,0
"757","Globorotalia_cavernula",57.35,17.81666667,0
"758","Globorotalia_cavernula",61.48333333,15.98333333,0
"759","Globorotalia_cavernula",58.36666667,19.23333333,0
"760","Globorotalia_cavernula",58.51666667,19.23333333,0
"761","Globorotalia_cavernula",58.26666667,19.21666667,0
"762","Globorotalia_cavernula",58.35,19.28333333,0
"763","Globorotalia_cavernula",58.48333333,19.51666667,0
"764","Globorotalia_cavernula",58.23333333,19.26666667,0
"765","Globorotalia_cavernula",58.61666667,19.65,0
"766","Globorotalia_cavernula",59.8,16.61666667,0
"767","Globorotalia_cavernula",58.8,17.38333333,0
"768","Globorotalia_cavernula",-34.48333333,-28.68333333,0
"769","Globorotalia_cavernula",-57.96666667,-45.3,0
"770","Globorotalia_cavernula",-20.36666667,-40.9,0
"771","Globorotalia_cavernula",8.083333333,-36.5,0
"772","Globorotalia_cavernula",-11.78333333,-1.5,0
"773","Globorotalia_cavernula",15.91666667,-35.88333333,0
"774","Globorotalia_cavernula",65.51666667,3.866666667,0
"775","Globorotalia_cavernula",58.56666667,8.65,0
"776","Globorotalia_cavernula",57.18333333,10.25,0
"777","Globorotalia_cavernula",56.23333333,11.45,0
"778","Globorotalia_cavernula",51,14.3,0
"779","Globorotalia_cavernula",48.4,12.86666667,0
"780","Globorotalia_cavernula",46.75,11.85,0
"781","Globorotalia_cavernula",45.63333333,12.61666667,0
"782","Globorotalia_cavernula",-49.06666667,-52.16666667,0
"783","Globorotalia_cavernula",-47.4,-50.38333333,0
"784","Globorotalia_cavernula",-24.68333333,-13.06666667,0
"785","Globorotalia_cavernula",-19.71666667,-15.33333333,0
"786","Globorotalia_cavernula",-11.43333333,-19.36666667,0
"787","Globorotalia_cavernula",-8.95,-21.33333333,0
"788","Globorotalia_cavernula",-4.75,-24.71666667,0
"789","Globorotalia_cavernula",-1.1,-27.86666667,0
"790","Globorotalia_cavernula",10.75,-32.13333333,0
"791","Globorotalia_cavernula",16.43333333,-33.35,0
"792","Globorotalia_cavernula",31.26666667,-46.5,0
"793","Globorotalia_cavernula",43.5,-37.15,0
"794","Globorotalia_cavernula",79.56666667,-29.75,0
"795","Globorotalia_cavernula",82.95,-31.05,0
"796","Globorotalia_cavernula",83.81666667,-31.63333333,0
"797","Globorotalia_cavernula",84.85,-32.38333333,0
"798","Globorotalia_cavernula",89.13333333,-33.38333333,0
"799","Globorotalia_cavernula",92.83333333,-28.88333333,0
"800","Globorotalia_cavernula",95.18333333,-28.01666667,0
"801","Globorotalia_cavernula",99.25,-31.53333333,0
"802","Globorotalia_cavernula",137.65,-48.08333333,0
"803","Globorotalia_cavernula",153.9833333,-53.4,0
"804","Globorotalia_cavernula",-179.25,-47.01666667,0
"805","Globorotalia_cavernula",-41.03333333,-28.83333333,0
"806","Globorotalia_cavernula",-42.45,-27.95,0
"807","Globorotalia_cavernula",-55.16666667,-40.56666667,0
"808","Globorotalia_cavernula",-36.81666667,-31.35,0
"809","Globorotalia_cavernula",-44.7,-53.58333333,0
"810","Globorotalia_cavernula",-57.61666667,-45.66666667,0
"811","Globorotalia_cavernula",-20.16666667,-32.16666667,0
"812","Globorotalia_cavernula",15.01666667,-32.33333333,0
"813","Globorotalia_cavernula",29.93333333,-38.98333333,0
"814","Globorotalia_cavernula",37.86666667,-37.63333333,0
"815","Globorotalia_cavernula",41.85,-36.11666667,0
"816","Globorotalia_cavernula",48.08333333,-31.2,0
"817","Globorotalia_cavernula",49.55,-29.03333333,0
"818","Globorotalia_cavernula",65.93333333,-21.03333333,0
"819","Globorotalia_cavernula",74.36666667,-22.38333333,0
"820","Globorotalia_cavernula",87.11666667,-25.63333333,0
"821","Globorotalia_cavernula",113.9833333,-34.31666667,0
"822","Globorotalia_cavernula",86.35,-20.65,0
"823","Globorotalia_cavernula",76.55,7.116666667,0
"824","Globorotalia_cavernula",74.21666667,7.583333333,0
"825","Globorotalia_cavernula",73.25,8.116666667,0
"826","Globorotalia_cavernula",62.78333333,8.116666667,0
"827","Globorotalia_cavernula",61.06666667,7.433333333,0
"828","Globorotalia_cavernula",59.33333333,6.7,0
"829","Globorotalia_cavernula",60.66666667,6.866666667,0
"830","Globorotalia_cavernula",41.55,-4.216666667,0
"831","Globorotalia_cavernula",41.18333333,-6.683333333,0
"832","Globorotalia_cavernula",44.15,-13.13333333,0
"833","Globorotalia_cavernula",42.85,-14.88333333,0
"834","Globorotalia_cavernula",39.5,-17.9,0
"835","Globorotalia_cavernula",41.6,-19.91666667,0
"836","Globorotalia_cavernula",39.96666667,-23.18333333,0
"837","Globorotalia_cavernula",38.85,-23.36666667,0
"838","Globorotalia_cavernula",37.85,-23.51666667,0
"839","Globorotalia_cavernula",13.28333333,-30.58333333,0
"840","Globorotalia_cavernula",9.583333333,-29.51666667,0
"841","Globorotalia_cavernula",4.683333333,-26.2,0
"842","Globorotalia_cavernula",4.1,-25.76666667,0
"843","Globorotalia_cavernula",8.383333333,-18.33333333,0
"844","Globorotalia_cavernula",5.533333333,-1.283333333,0
"845","Globorotalia_cavernula",68,-22.3,0
"846","Globorotalia_cavernula",64.9,-23.05,0
"847","Globorotalia_cavernula",40.9,-25.11666667,0
"848","Globorotalia_cavernula",25.28333333,-36.31666667,0
"849","Globorotalia_cavernula",-13.15,-28.33333333,0
"850","Globorotalia_cavernula",-34.63333333,-4.233333333,0
"851","Globorotalia_cavernula",-39.03333333,-1.95,0
"852","Globorotalia_cavernula",-30.58333333,-6.116666667,0
"853","Globorotalia_cavernula",-34.25,-9.55,0
"854","Globorotalia_cavernula",-33.41666667,-29.41666667,0
"855","Globorotalia_cavernula",-42.93333333,-50.1,0
"856","Globorotalia_cavernula",-43.16666667,-50.78333333,0
"857","Globorotalia_cavernula",-43.5,-51.51666667,0
"858","Globorotalia_cavernula",-10.9,-46.13333333,0
"859","Globorotalia_cavernula",24.58333333,-39.58333333,0
"860","Globorotalia_cavernula",-5.183333333,-17.46666667,0
"861","Globorotalia_cavernula",-14.28333333,-8.766666667,0
"862","Globorotalia_cavernula",-14.6,-7.75,0
"863","Globorotalia_cavernula",-15.73333333,-4.883333333,0
"864","Globorotalia_cavernula",-16.43333333,-3.3,0
"865","Globorotalia_cavernula",126.5833333,-9.633333333,0
"866","Globorotalia_cavernula",24.95,-37.05,0
"867","Globorotalia_cavernula",1.483333333,-33.1,0
"868","Globorotalia_cavernula",-2.816666667,-32.03333333,0
"869","Globorotalia_cavernula",-10.6,-34.45,0
"870","Globorotalia_cavernula",-19.55,-33.25,0
"871","Globorotalia_cavernula",-26.73333333,-32.2,0
"872","Globorotalia_cavernula",-30.28333333,-31.6,0
"873","Globorotalia_cavernula",-15.55,-11.6,0
"874","Globorotalia_cavernula",-37.95,-23.95,0
"875","Globorotalia_cavernula",-15.8,-30.35,0
"876","Globorotalia_cavernula",-25.48333333,-0.05,0
"877","Globorotalia_cavernula",-35.63333333,-11.13333333,0
"878","Globorotalia_cavernula",-23.95,-22.05,0
"879","Globorotalia_cavernula",-20.3,-27.58333333,0
"880","Globorotalia_cavernula",-18.71666667,-33.05,0
"881","Globorotalia_cavernula",-16.86666667,-36.55,0
"882","Globorotalia_cavernula",-1.683333333,-31.35,0
"883","Globorotalia_cavernula",2.183333333,-29.51666667,0
"884","Globorotalia_cavernula",-1.5,-7.816666667,0
"885","Globorotalia_cavernula",167.9,-8.633333333,0
"886","Globorotalia_cavernula",167.7666667,-8.4,0
"887","Globorotalia_cavernula",166.75,-5.5,0
"888","Globorotalia_cavernula",166.75,-5.5,0
"889","Globorotalia_cavernula",161.75,-6.266666667,0
"890","Globorotalia_cavernula",161.3833333,-6.316666667,0
"891","Globorotalia_cavernula",158.9666667,-7.133333333,0
"892","Globorotalia_cavernula",129.65,-2.516666667,0
"893","Globorotalia_cavernula",132.3,-3.65,0
"894","Globorotalia_cavernula",120.5,-14.1,0
"895","Globorotalia_cavernula",117.95,-17.66666667,0
"896","Globorotalia_cavernula",90.26666667,-6.733333333,0
"897","Globorotalia_cavernula",83.33333333,4.283333333,0
"898","Globorotalia_cavernula",85.96666667,6.683333333,0
"899","Globorotalia_cavernula",88.73333333,11.95,0
"900","Globorotalia_cavernula",76.36666667,6.583333333,0
"901","Globorotalia_cavernula",73.8,5.083333333,0
"902","Globorotalia_cavernula",76.25,3.083333333,0
"903","Globorotalia_cavernula",78.65,3.8,0
"904","Globorotalia_cavernula",69.81666667,-6,0
"905","Globorotalia_cavernula",27.61666667,-34.8,0
"906","Globorotalia_cavernula",7.416666667,-24.21666667,0
"907","Globorotalia_cavernula",8.883333333,-19.7,0
"908","Globorotalia_cavernula",6.05,-0.2,0
"909","Globorotalia_cavernula",168.8666667,-4.266666667,0
"910","Globorotalia_cavernula",168.8833333,-5.583333333,0
"911","Globorotalia_cavernula",123.05,-7.516666667,0
"912","Globorotalia_cavernula",63.43333333,-6.266666667,0
"913","Globorotalia_cavernula",90.6,-6.366666667,0
"914","Globorotalia_cavernula",89.96666667,-6.2,0
"915","Globorotalia_cavernula",89.8,-6.166666667,0
"916","Globorotalia_cavernula",89.58333333,-6.116666667,0
"917","Globorotalia_cavernula",89.83333333,-6.483333333,0
"918","Globorotalia_cavernula",59.43333333,6.116666667,0
"919","Globorotalia_cavernula",57.11666667,8.65,0
"920","Globorotalia_cavernula",57.51666667,11.8,0
"921","Globorotalia_cavernula",59.76666667,16.48333333,0
"922","Globorotalia_cavernula",59.53333333,16.51666667,0
"923","Globorotalia_cavernula",61.88333333,17.8,0
"924","Globorotalia_cavernula",62.85,19.06666667,0
"925","Globorotalia_cavernula",64.03333333,20.93333333,0
"926","Globorotalia_cavernula",65.11666667,21.15,0
"927","Globorotalia_cavernula",67.98333333,16.38333333,0
"928","Globorotalia_cavernula",67.36666667,17.48333333,0
"929","Globorotalia_cavernula",71.2,11.9,0
"930","Globorotalia_cavernula",66.08333333,19.73333333,0
"931","Globorotalia_cavernula",63.88333333,17.61666667,0
"932","Globorotalia_cavernula",67.88333333,18.63333333,0
"933","Globorotalia_cavernula",69.01666667,17.36666667,0
"934","Globorotalia_cavernula",67.88333333,11.1,0
"935","Globorotalia_cavernula",-130.6166667,3.333333333,0
"936","Globorotalia_cavernula",-116.2166667,1.45,0
"937","Globorotalia_cavernula",161.6,1.1,0
"938","Globorotalia_cavernula",118.2166667,11.93333333,0
"939","Globorotalia_cavernula",118.2833333,10.6,0
"940","Globorotalia_cavernula",118.8833333,6.75,0
"941","Globorotalia_cavernula",158.8,31.41666667,0
"942","Globorotalia_cavernula",163.3333333,3.6,0
"943","Globorotalia_cavernula",170.0166667,38.1,0
"944","Globorotalia_cavernula",166.55,1.666666667,0
"945","Globorotalia_cavernula",165.7333333,4.1,0
"946","Globorotalia_cavernula",168.8333333,3.5,0
"947","Globorotalia_cavernula",173.5,4.183333333,0
"948","Globorotalia_cavernula",-132.5333333,2.066666667,0
"949","Globorotalia_cavernula",-105.9333333,2.433333333,0
"950","Globorotalia_cavernula",-113.8666667,1.483333333,0
"951","Globorotalia_cavernula",168.0333333,2.366666667,0
"952","Globorotalia_cavernula",-132.3666667,41.06666667,0
"953","Globorotalia_cavernula",-100.3,1.416666667,0
"954","Globorotalia_cavernula",-106.9833333,1.716666667,0
"955","Globorotalia_cavernula",-109.3333333,1.716666667,0
"956","Globorotalia_cavernula",-129.0166667,1.85,0
"957","Globorotalia_cavernula",-150.1666667,2.85,0
"958","Globorotalia_cavernula",177,-11.76666667,0
"959","Globorotalia_cavernula",153.3,7.45,0
"960","Globorotalia_cavernula",70.2,-14.9,0
"961","Globorotalia_cavernula",62,-17.8,0
"962","Globorotalia_cavernula",95.08333333,-45.01666667,0
"963","Globorotalia_cavernula",95.08333333,-47.13333333,0
"964","Globorotalia_cavernula",95.03333333,-47.98333333,0
"965","Globorotalia_cavernula",94.83333333,-49.38333333,0
"966","Globorotalia_cavernula",163.2166667,-6.666666667,0
"967","Globorotalia_cavernula",-79.15,-18,0
"968","Globorotalia_cavernula",172.6,-28.75,0
"969","Globorotalia_cavernula",168.7333333,-33.23333333,0
"970","Globorotalia_cavernula",63.15,12.05,0
"971","Globorotalia_cavernula",157.9666667,-14.53333333,0
"972","Globorotalia_cavernula",152.85,-12.41666667,0
"973","Globorotalia_cavernula",156.4333333,-3.033333333,0
"974","Globorotalia_cavernula",-139.7166667,-1.983333333,0
"975","Globorotalia_cavernula",-139.9666667,-14.81666667,0
"976","Globorotalia_cavernula",-114.6166667,-5.983333333,0
"977","Globorotalia_cavernula",-110.8,-8.8,0
"978","Globorotalia_cavernula",-106.9666667,-11.33333333,0
"979","Globorotalia_cavernula",-85.81666667,-1.533333333,0
"980","Globorotalia_cavernula",168.3833333,-3.733333333,0
"981","Globorotalia_cavernula",-177.6,-24.2,0
"982","Globorotalia_cavernula",-89.41666667,-3.116666667,0
"983","Globorotalia_cavernula",-103.6333333,-1.65,0
"984","Globorotalia_cavernula",-161.0666667,-12.78333333,0
"985","Globorotalia_cavernula",-83.93333333,-3.583333333,0
"986","Globorotalia_cavernula",-92.88333333,-13.21666667,0
"987","Globorotalia_cavernula",-96.2,-14.1,0
"988","Globorotalia_cavernula",-121.2,-16.93333333,0
"989","Globorotalia_cavernula",172,-0.866666667,0
"990","Globorotalia_cavernula",-109.4166667,-4.716666667,0
"991","Globorotalia_cavernula",-112.3666667,-4.333333333,0
"992","Globorotalia_cavernula",-136.7166667,-17.65,0
"993","Globorotalia_cavernula",157.3666667,-0.833333333,0
"994","Globorotalia_cavernula",157.45,-1.683333333,0
"995","Globorotalia_cavernula",154.95,-2.416666667,0
"996","Globorotalia_cavernula",145.85,-14.3,0
"997","Globorotalia_cavernula",146.25,-15.33333333,0
"998","Globorotalia_cavernula",146.2,-12.86666667,0
"999","Globorotalia_cavernula",174.5333333,-11.31666667,0
"1000","Globorotalia_cavernula",161.9666667,-3.583333333,0
"1001","Globorotalia_cavernula",163.2666667,-0.916666667,0
"1002","Globorotalia_cavernula",88.08333333,14.15,0
"1003","Globorotalia_cavernula",66.28333333,19.2,0
"1004","Globorotalia_cavernula",67.3,21.46666667,0
